{"train_losses": [0.05829274281235714, 0.050577165087636586], "test_losses": [0.05575622618198395, 0.057547420263290405]}