{"train_losses": [0.07758804037344146, 0.06691711766637476], "test_losses": [0.07796599715948105, 0.07282300293445587]}