{"train_losses": [0.07066895322398463, 0.05481218962840228], "test_losses": [0.07585865259170532, 0.059487730264663696]}