{"train_losses": [0.1025812842023437, 0.07991275379692334], "test_losses": [0.2312386929988861, 0.1964157074689865]}