{"train_losses": [0.06931006179207812, 0.05860438567578012], "test_losses": [0.061875492334365845, 0.06856856495141983]}