{"train_losses": [0.11408735041217712, 0.09302234313931215], "test_losses": [0.17403867840766907, 0.17127612233161926]}