{"train_losses": [0.0626500296680622, 0.05065652632826758], "test_losses": [0.06590268760919571, 0.06399739533662796]}