{"train_losses": [0.057545016731928, 0.03928370394513919], "test_losses": [0.05159389227628708, 0.04947543144226074]}