{"train_losses": [0.12814360520722745, 0.10547697679263972], "test_losses": [0.13938558101654053, 0.20859824120998383]}