{"train_losses": [0.11254019600883969, 0.09396203944039026], "test_losses": [0.18529044091701508, 0.19521702826023102]}