{"train_losses": [0.07604007432424789, 0.06494135177967646], "test_losses": [0.0675646960735321, 0.059525903314352036]}