{"train_losses": [0.11277843097467738, 0.08565266543425512], "test_losses": [0.24825222790241241, 0.20532460510730743]}