{"train_losses": [0.12497762976985882, 0.09707017907163995], "test_losses": [0.11612329632043839, 0.16541682183742523]}