{"train_losses": [0.059937746498333964, 0.04756522987913777], "test_losses": [0.061099473387002945, 0.05950315669178963]}