{"train_losses": [0.07246910848937119, 0.06318471681696355], "test_losses": [0.06860770285129547, 0.08152782171964645]}