{"train_losses": [0.11263256541812229, 0.0926192557504904], "test_losses": [0.23032386600971222, 0.2010246068239212]}