{"train_losses": [0.06847506140972541, 0.04728323732332291], "test_losses": [0.05732295289635658, 0.0518186055123806]}