{"train_losses": [0.05980238670219143, 0.0469889402711965], "test_losses": [0.06249629333615303, 0.06343281269073486]}