{"train_losses": [0.06304284970550436, 0.048441091922756904], "test_losses": [0.05702129006385803, 0.05696031078696251]}