{"train_losses": [0.07545138809900238, 0.06587583947386018], "test_losses": [0.09935677796602249, 0.09067576378583908]}