{"train_losses": [0.06633743319622816, 0.058021752308702365], "test_losses": [0.07632860541343689, 0.08667373657226562]}