{"train_losses": [0.06560980385047913, 0.05717564857993568], "test_losses": [0.06458837538957596, 0.05935053527355194]}