{"train_losses": [0.15032029489379362, 0.10870717297043647], "test_losses": [0.20204871892929077, 0.17764128744602203]}