{"train_losses": [0.12832110741265151, 0.08800248734180796], "test_losses": [0.21850338578224182, 0.20104238390922546]}