{"train_losses": [0.05874681410954752, 0.0518268260713619], "test_losses": [0.060393329709768295, 0.06154687702655792]}