{"train_losses": [0.0693127579868842, 0.061105878736463566], "test_losses": [0.07085156440734863, 0.07698363065719604]}