{"train_losses": [0.06373585744299058, 0.05071113771378371], "test_losses": [0.054514769464731216, 0.05899539962410927]}