{"train_losses": [0.06632781064886072, 0.04777084861019459], "test_losses": [0.059793274849653244, 0.06735469400882721]}