{"train_losses": [0.06795790339204749, 0.046608148014297954], "test_losses": [0.0670754536986351, 0.054301340132951736]}