{"train_losses": [0.07760631845270884, 0.06021991622822732], "test_losses": [0.06307632476091385, 0.06152976304292679]}