{"train_losses": [0.050882201666821364, 0.038378113942100466], "test_losses": [0.05636125057935715, 0.0639280453324318]}