{"train_losses": [0.060542809715713145, 0.050375982547368275], "test_losses": [0.05809558928012848, 0.06143195182085037]}