{"train_losses": [0.12166587672353783, 0.06842671684440935], "test_losses": [0.17493098974227905, 0.1668938398361206]}