{"train_losses": [0.05706672512227859, 0.04112230263905295], "test_losses": [0.05945240706205368, 0.056129515171051025]}