{"train_losses": [0.06060931282227302, 0.04021725911770604], "test_losses": [0.049869783222675323, 0.058884430676698685]}