{"train_losses": [0.06756084653295243, 0.046993463837613964], "test_losses": [0.051494430750608444, 0.05417192727327347]}