{"train_losses": [0.06343336903780858, 0.04661211991295321], "test_losses": [0.07021073997020721, 0.06684409081935883]}