{"train_losses": [0.05599928975288743, 0.04170644959433638], "test_losses": [0.05784713476896286, 0.05408874526619911]}