{"train_losses": [0.10545133512936512, 0.08571446534034496], "test_losses": [0.1832050085067749, 0.18138368427753448]}