{"train_losses": [0.05130108112841699, 0.038876250455092375], "test_losses": [0.058576662093400955, 0.06228159740567207]}