{"train_losses": [0.05748715136696629, 0.041182017826962417], "test_losses": [0.06455626338720322, 0.05962120369076729]}