{"train_losses": [0.07255418837507606, 0.05292032586383379], "test_losses": [0.05450068414211273, 0.060456909239292145]}