{"train_losses": [0.07615540138726833, 0.059277478679897924], "test_losses": [0.06418946385383606, 0.060602929443120956]}