{"train_losses": [0.06359745343816144, 0.05787695394614274], "test_losses": [0.05761709809303284, 0.060908783227205276]}