{"train_losses": [0.06410369558552588, 0.056611412860616536], "test_losses": [0.06041495501995087, 0.05949508026242256]}