{"train_losses": [0.11362021329879413, 0.0958693573440123], "test_losses": [0.21627594530582428, 0.16912247240543365]}