{"train_losses": [0.07353267144426734, 0.05659842010563801], "test_losses": [0.06528078764677048, 0.0792488157749176]}