{"train_losses": [0.06883984513030227, 0.06239628385169692], "test_losses": [0.06526506692171097, 0.07127772271633148]}