{"train_losses": [0.0584514797373284, 0.047739025802474314], "test_losses": [0.0509704053401947, 0.07009611278772354]}