{"train_losses": [0.12493546515379317, 0.09063502623117262], "test_losses": [0.20844070613384247, 0.20953936874866486]}