{"train_losses": [0.05672661140293578, 0.04155583461187271], "test_losses": [0.06774526089429855, 0.06807506084442139]}