{"train_losses": [0.06783130994859954, 0.05701443262040285], "test_losses": [0.07615615427494049, 0.0653577521443367]}