{"train_losses": [0.060510093305749586, 0.03824369162273395], "test_losses": [0.050192225724458694, 0.048539936542510986]}