{"train_losses": [0.06608153240032563, 0.057945311713929894], "test_losses": [0.06738439947366714, 0.07410763949155807]}