{"train_losses": [0.06405119685908268, 0.05304565014588304], "test_losses": [0.05828449875116348, 0.05330517143011093]}