{"train_losses": [0.05528455522615987, 0.03970433453122987], "test_losses": [0.08730162680149078, 0.0662025585770607]}