{"train_losses": [0.06705230105563163, 0.06138905994940465], "test_losses": [0.07141678780317307, 0.07386370748281479]}