{"train_losses": [0.06901906531468763, 0.059808069841609315], "test_losses": [0.07569751143455505, 0.07881009578704834]}