{"train_losses": [0.10954276921776464, 0.0864627787340843], "test_losses": [0.20341084897518158, 0.1950482577085495]}