{"train_losses": [0.06726470284855836, 0.057050794310512874], "test_losses": [0.06709527224302292, 0.06387724727392197]}