{"train_losses": [0.11492348025884129, 0.09243993007564642], "test_losses": [0.25337716937065125, 0.21073295176029205]}