{"train_losses": [0.06381728307174214, 0.05405919408207385], "test_losses": [0.05569475516676903, 0.05798328295350075]}