{"train_losses": [0.12467210690525432, 0.09782028740342687], "test_losses": [0.18364351987838745, 0.22731171548366547]}