{"train_losses": [0.05882091377620325, 0.052104553068588425], "test_losses": [0.056459322571754456, 0.057139016687870026]}