{"train_losses": [0.05740967622855185, 0.041441261494559574], "test_losses": [0.06207817420363426, 0.0687350183725357]}