{"train_losses": [0.12678013453128062, 0.08233126982903848], "test_losses": [0.12893064320087433, 0.1187133640050888]}