{"train_losses": [0.06824617433808923, 0.056042548406626896], "test_losses": [0.0803508311510086, 0.08031439781188965]}