{"train_losses": [0.061225154611754144, 0.04401354857105804], "test_losses": [0.0476287417113781, 0.051668681204319]}