{"train_losses": [0.06552490577455133, 0.057576441663786136], "test_losses": [0.1163266971707344, 0.09872071444988251]}