{"train_losses": [0.06372663149349797, 0.05112148659091042], "test_losses": [0.0798754096031189, 0.07508852332830429]}