{"train_losses": [0.07223093622062549, 0.047224322362322255], "test_losses": [0.07938641309738159, 0.05125894770026207]}