{"train_losses": [0.05481603851014548, 0.03970808621498277], "test_losses": [0.051243193447589874, 0.06238701194524765]}