{"train_losses": [0.06527923324842776, 0.05227654132261473], "test_losses": [0.07025979459285736, 0.06607531756162643]}