{"train_losses": [0.051219412815232714, 0.039916796477785635], "test_losses": [0.056713104248046875, 0.06180982664227486]}