{"train_losses": [0.06838273604622182, 0.051510476300554026], "test_losses": [0.08495943248271942, 0.056802310049533844]}