{"train_losses": [0.08376065979741885, 0.05903691751799772], "test_losses": [0.049341682344675064, 0.056096311658620834]}