{"train_losses": [0.11240101972501003, 0.08698324756044663], "test_losses": [0.1939646303653717, 0.19417105615139008]}