{"train_losses": [0.061961053627211736, 0.040158466198197414], "test_losses": [0.07963371276855469, 0.07139704376459122]}