{"train_losses": [0.06858615644741847, 0.05717953434216791], "test_losses": [0.0699911043047905, 0.07987775653600693]}