{"train_losses": [0.07728715338469325, 0.06432379400545267], "test_losses": [0.06768447160720825, 0.0588739849627018]}