{"train_losses": [0.06653233488861972, 0.06008123038555198], "test_losses": [0.0666680857539177, 0.07599976658821106]}