{"train_losses": [0.05643043964644226, 0.04188969354805787], "test_losses": [0.06146329268813133, 0.06633231788873672]}