{"train_losses": [0.12667226706293377, 0.10387230941741699], "test_losses": [0.13807202875614166, 0.19853423535823822]}