{"train_losses": [0.06895830245606566, 0.06281205090882937], "test_losses": [0.06717954576015472, 0.07590513676404953]}