{"train_losses": [0.11043168213443547, 0.09277620447410778], "test_losses": [0.16759587824344635, 0.19077584147453308]}