{"train_losses": [0.06428197218486269, 0.0562428471921276], "test_losses": [0.07380683720111847, 0.06179160252213478]}