{"train_losses": [0.06424136783784481, 0.05160173400376542], "test_losses": [0.10480925440788269, 0.09838680177927017]}