{"train_losses": [0.06268159620148353, 0.056035338075250955], "test_losses": [0.06261753290891647, 0.05882617086172104]}