{"train_losses": [0.14470186954393374, 0.10727577060188843], "test_losses": [0.15263278782367706, 0.13104170560836792]}