{"train_losses": [0.07294333079417965, 0.05986812259117549], "test_losses": [0.07055480033159256, 0.07002702355384827]}