{"train_losses": [0.06098659433105869, 0.05095471090123401], "test_losses": [0.05769815295934677, 0.06098140776157379]}