{"train_losses": [0.07576353841388561, 0.06451608643941588], "test_losses": [0.06508506089448929, 0.06905918568372726]}