{"train_losses": [0.1279256038888764, 0.08816736174979245], "test_losses": [0.18849098682403564, 0.1743958592414856]}