{"train_losses": [0.13217970438543306, 0.09392455314239102], "test_losses": [0.21993398666381836, 0.16605602204799652]}