{"train_losses": [0.06622373649402007, 0.05750316655663759], "test_losses": [0.0634506419301033, 0.0779220387339592]}