{"train_losses": [0.11801894008931774, 0.06781235892026946], "test_losses": [0.12970036268234253, 0.1652025282382965]}