{"train_losses": [0.057305659176676585, 0.039957274494845936], "test_losses": [0.05153530836105347, 0.05459930747747421]}