{"train_losses": [0.06978301773247556, 0.0622944738392175], "test_losses": [0.07902923226356506, 0.07241690158843994]}