{"train_losses": [0.06179125313456952, 0.05332251909021931], "test_losses": [0.06728749722242355, 0.0601055808365345]}