{"train_losses": [0.1290184754537851, 0.09062041293878684], "test_losses": [0.2505152225494385, 0.230979323387146]}