{"train_losses": [0.06437122304055647, 0.05368499057426796], "test_losses": [0.06283167004585266, 0.05743968486785889]}