{"train_losses": [0.07277052602569829, 0.06049429652660148], "test_losses": [0.07051988691091537, 0.08073689043521881]}