{"train_losses": [0.06741728824651926, 0.057239275072731556], "test_losses": [0.09693092852830887, 0.10863695293664932]}