{"train_losses": [0.063902428843144, 0.05537123369005188], "test_losses": [0.06535479426383972, 0.06413087248802185]}