{"train_losses": [0.14978414790343894, 0.10747350031947862], "test_losses": [0.18128912150859833, 0.20008699595928192]}