{"train_losses": [0.052302427732591486, 0.04277067920310824], "test_losses": [0.06959757208824158, 0.0736379623413086]}