{"train_losses": [0.0768153955043555, 0.05883180827282316], "test_losses": [0.06243131682276726, 0.06610974669456482]}