{"train_losses": [0.0632060741732343, 0.053218892376886755], "test_losses": [0.0640445202589035, 0.05839742347598076]}