{"train_losses": [0.13258334306044964, 0.08320678050854055], "test_losses": [0.14429548382759094, 0.14823347330093384]}