{"train_losses": [0.059464373724084287, 0.0403708932764812], "test_losses": [0.058819811791181564, 0.056175597012043]}