{"train_losses": [0.05871464841104964, 0.046673564792367825], "test_losses": [0.06542526930570602, 0.06421434879302979]}