{"train_losses": [0.06735054558208335, 0.04839343136968149], "test_losses": [0.062249694019556046, 0.06363854557275772]}