{"train_losses": [0.07797664236312904, 0.0657068059452608], "test_losses": [0.09174641221761703, 0.06508488208055496]}