{"train_losses": [0.06504048447804163, 0.05365314741655819], "test_losses": [0.07826768606901169, 0.0667807012796402]}