{"train_losses": [0.053981267578852805, 0.04067016456184961], "test_losses": [0.05705323815345764, 0.058011334389448166]}