{"train_losses": [0.06058960082715405, 0.04211261565883349], "test_losses": [0.05282122269272804, 0.0581858828663826]}