{"train_losses": [0.05343830875899542, 0.038274733792925425], "test_losses": [0.0498676635324955, 0.055262066423892975]}