{"train_losses": [0.08607486253119716, 0.06581540477447495], "test_losses": [0.06451926380395889, 0.06677547097206116]}