{"train_losses": [0.13049274697480534, 0.090457888574826], "test_losses": [0.14346075057983398, 0.1259675920009613]}