{"train_losses": [0.058550680438122414, 0.050574266009432906], "test_losses": [0.0545218326151371, 0.05701889097690582]}