{"train_losses": [0.14013017284548282, 0.10391731024968331], "test_losses": [0.1351921260356903, 0.223831906914711]}