{"train_losses": [0.061284613427266404, 0.05148755206100202], "test_losses": [0.0543605238199234, 0.057980574667453766]}