{"train_losses": [0.0649102487969474, 0.0529630168512864], "test_losses": [0.05941079556941986, 0.059959493577480316]}