{"train_losses": [0.1318287183844583, 0.09714980801171615], "test_losses": [0.17211344838142395, 0.22647713124752045]}