{"train_losses": [0.06639977648329391, 0.057202735588468515], "test_losses": [0.06135660037398338, 0.06358709931373596]}