{"train_losses": [0.07226422822227635, 0.06152728643220286], "test_losses": [0.07649718225002289, 0.07939205318689346]}