{"train_losses": [0.06894185809054423, 0.05915684299752458], "test_losses": [0.07922457903623581, 0.07463238388299942]}