{"train_losses": [0.05430393312877138, 0.040584722868292955], "test_losses": [0.06495217233896255, 0.06220148503780365]}