{"train_losses": [0.06969680020856274, 0.05478910315589518], "test_losses": [0.06367838382720947, 0.06509222090244293]}