{"train_losses": [0.06786333717953957, 0.05221908309572929], "test_losses": [0.057232316583395004, 0.059671513736248016]}