{"train_losses": [0.0666687125663099, 0.053333677135153114], "test_losses": [0.06434782594442368, 0.06522448360919952]}