{"train_losses": [0.0551723129037598, 0.04505442563932058], "test_losses": [0.056874290108680725, 0.05085420981049538]}