{"train_losses": [0.07411971009665969, 0.05930277286990293], "test_losses": [0.054215170443058014, 0.05740829557180405]}