{"train_losses": [0.06721208407378612, 0.05725882846193308], "test_losses": [0.1227969080209732, 0.10521893203258514]}