{"train_losses": [0.0655224497872849, 0.0502208293913483], "test_losses": [0.059711456298828125, 0.05802128463983536]}