{"train_losses": [0.06705477127234004, 0.05904906218994325], "test_losses": [0.08207311481237411, 0.08400102704763412]}