{"train_losses": [0.058698416389231595, 0.05154423622692804], "test_losses": [0.05791904777288437, 0.05724649503827095]}