{"train_losses": [0.06408826136791584, 0.05099181915323933], "test_losses": [0.05551578477025032, 0.056116800755262375]}