{"train_losses": [0.08308816564153275, 0.06145124909905518], "test_losses": [0.05458150804042816, 0.061242811381816864]}