{"train_losses": [0.12161208835020651, 0.08820479363205341], "test_losses": [0.19670791923999786, 0.18055064976215363]}