{"train_losses": [0.06715764742305552, 0.060291683149140594], "test_losses": [0.07233329117298126, 0.07560151815414429]}