{"train_losses": [0.0637369446065051, 0.05699731893278241], "test_losses": [0.06660952419042587, 0.05936295539140701]}