{"train_losses": [0.0755439810830619, 0.06385997355973877], "test_losses": [0.06836831569671631, 0.06736810505390167]}