{"train_losses": [0.06835940172435304, 0.05523569035361056], "test_losses": [0.06877237558364868, 0.06615978479385376]}