{"train_losses": [0.11886585901817834, 0.08110077233865992], "test_losses": [0.2018047273159027, 0.2023031860589981]}