{"train_losses": [0.12619800881411145, 0.07800783432896707], "test_losses": [0.16474319994449615, 0.11246635019779205]}