{"train_losses": [0.11689645434736215, 0.08666244011099099], "test_losses": [0.18144945800304413, 0.19178368151187897]}