{"train_losses": [0.11700050750805108, 0.09293796309537013], "test_losses": [0.21654954552650452, 0.20565733313560486]}