{"train_losses": [0.060956828290195025, 0.04628561905708351], "test_losses": [0.06577903777360916, 0.0665183886885643]}