{"train_losses": [0.12325423094183764, 0.0804439399428695], "test_losses": [0.14069797098636627, 0.11685668677091599]}