{"train_losses": [0.11375436663364197, 0.09386959423857931], "test_losses": [0.25700244307518005, 0.18160349130630493]}