{"train_losses": [0.14719904922988275, 0.10536434248659483], "test_losses": [0.15593218803405762, 0.12878896296024323]}