{"train_losses": [0.057158461811041686, 0.040134297336984204], "test_losses": [0.05210832878947258, 0.0561300590634346]}