{"train_losses": [0.06010924696310914, 0.0518862118673396], "test_losses": [0.06062387675046921, 0.059034690260887146]}