{"train_losses": [0.1195860633291579, 0.08578131377335106], "test_losses": [0.16128255426883698, 0.18164166808128357]}