{"train_losses": [0.061196911557912646, 0.040155763454535975], "test_losses": [0.04942998290061951, 0.05052073672413826]}