{"train_losses": [0.06904987981408833, 0.06015625523291507], "test_losses": [0.07710543274879456, 0.08667678385972977]}