{"train_losses": [0.06692353978739525, 0.05830999416801081], "test_losses": [0.06544232368469238, 0.07240143418312073]}