{"train_losses": [0.07452183934403099, 0.06545248108140356], "test_losses": [0.0764269307255745, 0.09534192085266113]}