{"train_losses": [0.06868256271006569, 0.05464807944154311], "test_losses": [0.05958238244056702, 0.06640663743019104]}