{"train_losses": [0.06191441790758285, 0.054303534404878694], "test_losses": [0.061035625636577606, 0.060633156448602676]}