{"train_losses": [0.05310967584403576, 0.03852459450289916], "test_losses": [0.05296703428030014, 0.06454166024923325]}