{"train_losses": [0.05595941513962973, 0.039418278972549806], "test_losses": [0.04786965996026993, 0.0487026683986187]}