{"train_losses": [0.11465514946197666, 0.09252410332846363], "test_losses": [0.16394805908203125, 0.11278434097766876]}