{"train_losses": [0.11886235650154488, 0.09271459714576812], "test_losses": [0.16063110530376434, 0.1193043515086174]}