{"train_losses": [0.053289917384572554, 0.04269064117325865], "test_losses": [0.05554557591676712, 0.05638168752193451]}