{"train_losses": [0.055165623752721236, 0.04216284550242471], "test_losses": [0.05879728123545647, 0.051867011934518814]}