{"train_losses": [0.06133631684309557, 0.050162377119880266], "test_losses": [0.06712552905082703, 0.05941686034202576]}