{"train_losses": [0.11282514499156021, 0.08823818954046994], "test_losses": [0.1975080370903015, 0.19930541515350342]}