{"train_losses": [0.08169448425019521, 0.06623955622454461], "test_losses": [0.059727009385824203, 0.0609932616353035]}