{"train_losses": [0.07266262807660223, 0.045142872874038634], "test_losses": [0.05444996803998947, 0.05421070381999016]}