{"train_losses": [0.06222114957580063, 0.047166496215714004], "test_losses": [0.07500649988651276, 0.06137140840291977]}