{"train_losses": [0.10085469942023577, 0.07701298959576411], "test_losses": [0.22042356431484222, 0.17592142522335052]}