{"train_losses": [0.06415977786728105, 0.05308580456801932], "test_losses": [0.05924621969461441, 0.06072423979640007]}