{"train_losses": [0.06351894374425845, 0.05284148125047112], "test_losses": [0.06306727975606918, 0.061761971563100815]}