{"train_losses": [0.11573797011641877, 0.09352653745893832], "test_losses": [0.1869797706604004, 0.16863471269607544]}