{"train_losses": [0.1292032095092347, 0.10500194268036467], "test_losses": [0.16454117000102997, 0.2593224048614502]}