{"train_losses": [0.09461205003007181, 0.06779313019705728], "test_losses": [0.17528897523880005, 0.13345584273338318]}