{"train_losses": [0.06574099623260378, 0.05324143517955752], "test_losses": [0.06436676532030106, 0.05903046578168869]}