{"train_losses": [0.0710270134048752, 0.05880151530889616], "test_losses": [0.0696425810456276, 0.05372452735900879]}