{"train_losses": [0.0735599376788621, 0.059713700662415756], "test_losses": [0.06092904880642891, 0.056367482990026474]}