{"train_losses": [0.06398856625856937, 0.05776844957783645], "test_losses": [0.07112177461385727, 0.058772146701812744]}