{"train_losses": [0.07016389267599904, 0.05868868017974978], "test_losses": [0.07499787211418152, 0.07249098271131516]}