{"train_losses": [0.10675345004345371, 0.08063464836868062], "test_losses": [0.229996457695961, 0.1820961982011795]}