{"train_losses": [0.06457141544499781, 0.05253959419368444], "test_losses": [0.05695067346096039, 0.056771453469991684]}