{"train_losses": [0.12877947459110126, 0.11251713592940221], "test_losses": [0.18681129813194275, 0.2584838569164276]}