{"train_losses": [0.06645972781487726, 0.058539213066208594], "test_losses": [0.09709230065345764, 0.11320521682500839]}