{"train_losses": [0.07518477016975617, 0.0573244267658931], "test_losses": [0.05900847911834717, 0.053916774690151215]}