{"train_losses": [0.07566131036273349, 0.06354889420082549], "test_losses": [0.082451231777668, 0.06794143468141556]}