{"train_losses": [0.12347417107045629, 0.08699255087066923], "test_losses": [0.16491974890232086, 0.18227706849575043]}