{"train_losses": [0.058319155510108675, 0.040348779569602464], "test_losses": [0.058553628623485565, 0.060361042618751526]}