{"train_losses": [0.08130656390900441, 0.06600969177784495], "test_losses": [0.06557650119066238, 0.06408018618822098]}