{"train_losses": [0.0602186343369894, 0.03989331218447339], "test_losses": [0.054590437561273575, 0.055933255702257156]}