{"train_losses": [0.07633069236072723, 0.05615118563793004], "test_losses": [0.07774408906698227, 0.05945862829685211]}