{"train_losses": [0.06850282258899043, 0.06008037892818598], "test_losses": [0.07864134013652802, 0.10356716066598892]}