{"train_losses": [0.11305755193199037, 0.0762802236004217], "test_losses": [0.15978790819644928, 0.12693995237350464]}