{"train_losses": [0.053409940372271064, 0.04184182930885664], "test_losses": [0.0703170970082283, 0.07427337020635605]}