{"train_losses": [0.07447693687649466, 0.06716595908071799], "test_losses": [0.08639301359653473, 0.06323134899139404]}