{"train_losses": [0.05967372866981532, 0.04198353352715863], "test_losses": [0.052611563354730606, 0.053203437477350235]}