{"train_losses": [0.05932686414646529, 0.03978507504998452], "test_losses": [0.0680566281080246, 0.05539249628782272]}