{"train_losses": [0.06109092036522106, 0.042551247911508515], "test_losses": [0.05313299596309662, 0.05725238844752312]}