{"train_losses": [0.06804453870984002, 0.05409071770069885], "test_losses": [0.0593048594892025, 0.0581204928457737]}