{"train_losses": [0.06766531444907796, 0.06159547646018941], "test_losses": [0.06939324736595154, 0.0733068659901619]}