{"train_losses": [0.054477123310829934, 0.03872093503520123], "test_losses": [0.0610516294836998, 0.069814532995224]}