{"train_losses": [0.0501738282866034, 0.038045449683514324], "test_losses": [0.07597757875919342, 0.05468139797449112]}