{"train_losses": [0.10479338048525816, 0.07609895269639502], "test_losses": [0.21006567776203156, 0.16173586249351501]}