{"train_losses": [0.07450856461995146, 0.047568180320411595], "test_losses": [0.0491805262863636, 0.04969056323170662]}