{"train_losses": [0.07377723074865901, 0.06410219561037409], "test_losses": [0.06276945024728775, 0.06326743960380554]}