{"train_losses": [0.07080512239602371, 0.05653614102338344], "test_losses": [0.0761931762099266, 0.08267305046319962]}