{"train_losses": [0.05906418816749692, 0.04102650542919256], "test_losses": [0.050817180424928665, 0.056965041905641556]}