{"train_losses": [0.07419183611145964, 0.06333995323813989], "test_losses": [0.07530903816223145, 0.07883519679307938]}