{"train_losses": [0.050571830062813766, 0.03983637959155514], "test_losses": [0.061922699213027954, 0.06970500946044922]}