{"train_losses": [0.05178754766709581, 0.037734303122602154], "test_losses": [0.05148562788963318, 0.05139768868684769]}