{"train_losses": [0.0684450644528774, 0.05851283024923503], "test_losses": [0.06113119795918465, 0.05793732404708862]}