{"train_losses": [0.06985288448412116, 0.05901890435762622], "test_losses": [0.08982716500759125, 0.08479383587837219]}