{"train_losses": [0.07345716896711253, 0.04849713202354756], "test_losses": [0.05526505038142204, 0.049877047538757324]}