{"train_losses": [0.14597862639571552, 0.10773546860190956], "test_losses": [0.19891738891601562, 0.1281004399061203]}