{"train_losses": [0.07310586690431511, 0.04462650453603225], "test_losses": [0.0654502734541893, 0.0711742639541626]}