{"train_losses": [0.05374243996464342, 0.043407366413992114], "test_losses": [0.06838459521532059, 0.07432661205530167]}