{"train_losses": [0.07361302159060536, 0.0575042471899529], "test_losses": [0.08040906488895416, 0.09403318166732788]}