{"train_losses": [0.057860106006878013, 0.050590686112872006], "test_losses": [0.06077393889427185, 0.06131717935204506]}