{"train_losses": [0.1028719883689018, 0.085233584202573], "test_losses": [0.19738271832466125, 0.1343092918395996]}