{"train_losses": [0.055443817462729215, 0.04094954513301514], "test_losses": [0.06140047311782837, 0.05874362215399742]}