{"train_losses": [0.055583642433606785, 0.043650546682454106], "test_losses": [0.06187343969941139, 0.061937496066093445]}