{"train_losses": [0.12621258075968617, 0.11014996308465613], "test_losses": [0.21589253842830658, 0.13262946903705597]}