{"train_losses": [0.11365402798003536, 0.08819945494989086], "test_losses": [0.21979369223117828, 0.14591926336288452]}