{"train_losses": [0.10434371491884602, 0.08838420188251529], "test_losses": [0.2044348269701004, 0.20357787609100342]}