{"train_losses": [0.06582836332758056, 0.051032781191399916], "test_losses": [0.059986941516399384, 0.06692580878734589]}