{"train_losses": [0.14586091028678805, 0.10556653851156274], "test_losses": [0.2105989307165146, 0.13054591417312622]}