{"train_losses": [0.11479522551329104, 0.08025425365534732], "test_losses": [0.17213168740272522, 0.1268361210823059]}