{"train_losses": [0.06835278070878902, 0.06211641717577406], "test_losses": [0.09107355028390884, 0.09358923137187958]}