{"train_losses": [0.07466188368219426, 0.06613721493621758], "test_losses": [0.08004472404718399, 0.0707942396402359]}