{"train_losses": [0.06718245562825835, 0.05809729689416903], "test_losses": [0.08193139731884003, 0.06357520818710327]}