{"train_losses": [0.06737051790310662, 0.050281536044528174], "test_losses": [0.07488048076629639, 0.06295473873615265]}