{"train_losses": [0.11016659858537278, 0.09617342697241886], "test_losses": [0.1941639631986618, 0.16346535086631775]}