{"train_losses": [0.056681342329240735, 0.0394703863876988], "test_losses": [0.0510103814303875, 0.056820519268512726]}