{"train_losses": [0.06287277015954432, 0.04491213464493388], "test_losses": [0.1080121099948883, 0.048250917345285416]}