{"train_losses": [0.060649109557262014, 0.04001630285737633], "test_losses": [0.05828523263335228, 0.05139846354722977]}