{"train_losses": [0.06657872099128881, 0.04776044073160672], "test_losses": [0.061003949493169785, 0.05933789908885956]}