{"train_losses": [0.12747267798513937, 0.09894002024561509], "test_losses": [0.21819843351840973, 0.24381954967975616]}