{"train_losses": [0.11462451632400004, 0.06802005680443224], "test_losses": [0.1613461673259735, 0.11774449795484543]}