{"train_losses": [0.07094821638888589, 0.06131598816985818], "test_losses": [0.06833091378211975, 0.07021833211183548]}