{"train_losses": [0.06181494677387357, 0.046644640057848234], "test_losses": [0.06630504876375198, 0.07494334131479263]}