{"train_losses": [0.07487907787404813, 0.06415541450808858], "test_losses": [0.058217257261276245, 0.06861162930727005]}