{"train_losses": [0.06068536346861081, 0.04317622219365581], "test_losses": [0.05736677348613739, 0.047798771411180496]}