{"train_losses": [0.058143273120469414, 0.050410769233087425], "test_losses": [0.058848269283771515, 0.06005221605300903]}