{"train_losses": [0.11895622348407467, 0.08683776488667048], "test_losses": [0.20650212466716766, 0.1820419728755951]}