{"train_losses": [0.08000906305236798, 0.06736022094641471], "test_losses": [0.07193777710199356, 0.06822048127651215]}