{"train_losses": [0.07976109942207003, 0.06572511062199375], "test_losses": [0.08895082771778107, 0.065232053399086]}