{"train_losses": [0.06658271364273373, 0.06093590888298034], "test_losses": [0.06643315404653549, 0.07486216723918915]}