{"train_losses": [0.10036434433454901, 0.07444215368875651], "test_losses": [0.17961011826992035, 0.18882986903190613]}