{"train_losses": [0.07019164093870013, 0.058441759448506096], "test_losses": [0.08109749108552933, 0.08083616197109222]}