{"train_losses": [0.06709199060185327, 0.05753554201330111], "test_losses": [0.08377096056938171, 0.07593103498220444]}