{"train_losses": [0.05460457449603179, 0.04140113763883158], "test_losses": [0.06169620901346207, 0.07425505667924881]}