{"train_losses": [0.06266661659589917, 0.04651982113083528], "test_losses": [0.07043009996414185, 0.055903222411870956]}