{"train_losses": [0.14187800734193845, 0.10509770376178207], "test_losses": [0.14016230404376984, 0.20783616602420807]}