{"train_losses": [0.06905254032618169, 0.06006428793004998], "test_losses": [0.0636603832244873, 0.07776177674531937]}