{"train_losses": [0.08025358660017792, 0.06543569189793515], "test_losses": [0.06542951613664627, 0.062185123562812805]}