{"train_losses": [0.060423167055071635, 0.05112259425038987], "test_losses": [0.05645221099257469, 0.058501165360212326]}