{"train_losses": [0.13437637138934613, 0.09663788856759474], "test_losses": [0.184383824467659, 0.17576774954795837]}