{"train_losses": [0.07761177239527328, 0.04813269135020331], "test_losses": [0.05517985671758652, 0.05753767117857933]}