{"train_losses": [0.06803091744298548, 0.04830237478035509], "test_losses": [0.05762458220124245, 0.054612331092357635]}