{"train_losses": [0.06848799677043806, 0.0578784560774575], "test_losses": [0.06295475363731384, 0.059427693486213684]}