{"train_losses": [0.06607830224543466, 0.0516851281564898], "test_losses": [0.059619300067424774, 0.06303457915782928]}