{"train_losses": [0.05706933346686942, 0.03993595723616396], "test_losses": [0.0723065510392189, 0.06839863210916519]}