{"train_losses": [0.10672299385059453, 0.08743968050172435], "test_losses": [0.21225188672542572, 0.20878349244594574]}