{"train_losses": [0.1174760653132083, 0.09453639185232962], "test_losses": [0.19643419981002808, 0.14027637243270874]}