{"train_losses": [0.059610850864540654, 0.042827726197083124], "test_losses": [0.05657224357128143, 0.05421576648950577]}