{"train_losses": [0.06424047803394622, 0.05767380782965793], "test_losses": [0.068620964884758, 0.06093719229102135]}