{"train_losses": [0.10137737344885821, 0.06774490058071116], "test_losses": [0.18589141964912415, 0.17669370770454407]}