{"train_losses": [0.047456350520955703, 0.039323358365169474], "test_losses": [0.05770006403326988, 0.06364757567644119]}