{"train_losses": [0.13104405847816394, 0.08781008398132419], "test_losses": [0.2000686675310135, 0.19932235777378082]}