{"train_losses": [0.07071780888467466, 0.06113262864669437], "test_losses": [0.07169879227876663, 0.07491594552993774]}