{"train_losses": [0.052548438487096935, 0.03892663557479615], "test_losses": [0.048311371356248856, 0.04794375225901604]}