{"train_losses": [0.06912452230419242, 0.062122568485077155], "test_losses": [0.07458829134702682, 0.07392256706953049]}