{"train_losses": [0.0614664239704633, 0.050333298071175696], "test_losses": [0.0703570768237114, 0.06335458904504776]}