{"train_losses": [0.0695266425883156, 0.06360975850327232], "test_losses": [0.07539127767086029, 0.07360178977251053]}