{"train_losses": [0.12551233432536815, 0.10275291461551751], "test_losses": [0.3582141697406769, 0.19042928516864777]}