{"train_losses": [0.06617835520496522, 0.057174924088494124], "test_losses": [0.06952165067195892, 0.06039540097117424]}