{"train_losses": [0.1447144034851677, 0.09286318621699298], "test_losses": [0.0990636870265007, 0.08419826626777649]}