{"train_losses": [0.05154962423314488, 0.037218000219166505], "test_losses": [0.08021128922700882, 0.040817003697156906]}