{"train_losses": [0.07090154436166086, 0.05183023777848738], "test_losses": [0.05194953829050064, 0.05423939228057861]}