{"train_losses": [0.059512030212375715, 0.04975029160666824], "test_losses": [0.05790654569864273, 0.0647137314081192]}