{"train_losses": [0.06748604300952918, 0.06175156680863547], "test_losses": [0.15749704837799072, 0.12231489270925522]}