{"train_losses": [0.05351970268269863, 0.04003107744226741], "test_losses": [0.048453498631715775, 0.05473782867193222]}