{"train_losses": [0.14554401255061958, 0.1045756305755629], "test_losses": [0.17692239582538605, 0.1183357685804367]}