{"train_losses": [0.06695875056636034, 0.057485468619501316], "test_losses": [0.09242382645606995, 0.10567674785852432]}