{"train_losses": [0.05783837930953284, 0.042482372875758914], "test_losses": [0.09685803204774857, 0.07826568186283112]}