{"train_losses": [0.06702594044727767, 0.06096311021724653], "test_losses": [0.07436348497867584, 0.07792364805936813]}