{"train_losses": [0.06567868137935312, 0.056549179608920516], "test_losses": [0.10386831313371658, 0.0872250571846962]}