{"train_losses": [0.10514477165332611, 0.06579748897710141], "test_losses": [0.18811124563217163, 0.14590759575366974]}