{"train_losses": [0.061294233635854935, 0.04783272221113294], "test_losses": [0.0763615071773529, 0.06754430383443832]}