{"train_losses": [0.06620140761458058, 0.053188874180616345], "test_losses": [0.06141483038663864, 0.059235963970422745]}