{"train_losses": [0.05944626268374322, 0.05121909065247882], "test_losses": [0.057497311383485794, 0.05861731246113777]}