{"train_losses": [0.0780944418629244, 0.06517858125022376], "test_losses": [0.06933658570051193, 0.06578435748815536]}