{"train_losses": [0.07370233905832844, 0.0431484690474777], "test_losses": [0.04304400458931923, 0.03696155920624733]}