{"train_losses": [0.07103689171509939, 0.061509672293540395], "test_losses": [0.07289493829011917, 0.07577742636203766]}