{"train_losses": [0.0659854994952488, 0.04413598436718422], "test_losses": [0.07498932629823685, 0.05953797698020935]}