{"train_losses": [0.07019364273591412, 0.05977291181239881], "test_losses": [0.08684026449918747, 0.07982262223958969]}