{"train_losses": [0.05917560948229385, 0.050883798137133264], "test_losses": [0.05626285448670387, 0.056309204548597336]}