{"train_losses": [0.055732507594105404, 0.03987707595681912], "test_losses": [0.05167771503329277, 0.05454559996724129]}