{"train_losses": [0.12762776322262076, 0.09190675116388683], "test_losses": [0.21337170898914337, 0.10740915685892105]}