{"train_losses": [0.05519956283035392, 0.042064875701529496], "test_losses": [0.0759035274386406, 0.06219092756509781]}