{"train_losses": [0.11526740723643064, 0.09346879956402994], "test_losses": [0.22784890234470367, 0.21051780879497528]}