{"train_losses": [0.149557908976713, 0.09466410749981442], "test_losses": [0.1712590754032135, 0.1555425077676773]}