{"train_losses": [0.05476053795229667, 0.0422980198919803], "test_losses": [0.06220563128590584, 0.06953515857458115]}