{"train_losses": [0.11353294897388927, 0.09143275724434892], "test_losses": [0.21678023040294647, 0.17892055213451385]}