{"train_losses": [0.12931804022972554, 0.07993445954124904], "test_losses": [0.1696937382221222, 0.13160249590873718]}