{"train_losses": [0.0547263222472182, 0.04138645344560257], "test_losses": [0.06128546968102455, 0.059869326651096344]}