{"train_losses": [0.06204128275247973, 0.04697200693281367], "test_losses": [0.06598324328660965, 0.06295217573642731]}