{"train_losses": [0.05983938942505607, 0.051146519824074074], "test_losses": [0.057925961911678314, 0.06035992503166199]}