{"train_losses": [0.051241383447781674, 0.03916771763117274], "test_losses": [0.05183922499418259, 0.055229805409908295]}