{"train_losses": [0.06202002419374203, 0.040364235265777974], "test_losses": [0.053962379693984985, 0.06136590242385864]}