{"train_losses": [0.0902038773888794, 0.06515957292672664], "test_losses": [0.07471845299005508, 0.06303862482309341]}