{"train_losses": [0.11163317116339806, 0.08204325906897036], "test_losses": [0.2224973440170288, 0.16816282272338867]}