{"train_losses": [0.05771992916239586, 0.052045152665570894], "test_losses": [0.05947908014059067, 0.060815613716840744]}