{"train_losses": [0.06457414449809563, 0.05625430737074149], "test_losses": [0.07912327349185944, 0.08609196543693542]}