{"train_losses": [0.06021371917575163, 0.04082191435707624], "test_losses": [0.05723867192864418, 0.05500033125281334]}