{"train_losses": [0.06010334369130973, 0.04397904775261437], "test_losses": [0.05891067162156105, 0.0638885647058487]}