{"train_losses": [0.12506036542712723, 0.10358349581032684], "test_losses": [0.18025995790958405, 0.116791732609272]}