{"train_losses": [0.08330787545417577, 0.06581097857960078], "test_losses": [0.06692744791507721, 0.068067267537117]}