{"train_losses": [0.07318767964430022, 0.05465476906900694], "test_losses": [0.05856020748615265, 0.06825251132249832]}