{"train_losses": [0.11444003892492391, 0.09724401784231242], "test_losses": [0.27609729766845703, 0.26125356554985046]}