{"train_losses": [0.06681522607238664, 0.051668818817644284], "test_losses": [0.05944085866212845, 0.06718781590461731]}