{"train_losses": [0.10738458019805215, 0.07133576115612038], "test_losses": [0.18407712876796722, 0.16345272958278656]}