{"train_losses": [0.06423106472779386, 0.04398688641399494], "test_losses": [0.05340801924467087, 0.06076069921255112]}