{"train_losses": [0.06385112295432135, 0.05449994969999508], "test_losses": [0.06080491840839386, 0.05928169935941696]}