{"train_losses": [0.1612662405465383, 0.10377610767598384], "test_losses": [0.09618157148361206, 0.09176153689622879]}