{"train_losses": [0.08000714465680432, 0.06636022794591385], "test_losses": [0.07400038838386536, 0.07019861042499542]}