{"train_losses": [0.061647812989682096, 0.05398249835231005], "test_losses": [0.0652775764465332, 0.06072850897908211]}