{"train_losses": [0.06674554193899869, 0.056967591905096565], "test_losses": [0.07243743538856506, 0.07955706119537354]}