{"train_losses": [0.06172092752954865, 0.053283697847084664], "test_losses": [0.06341552734375, 0.058119967579841614]}