{"train_losses": [0.13157644379444, 0.09564116643134758], "test_losses": [0.18645323812961578, 0.1814357340335846]}