{"train_losses": [0.06474159273382477, 0.057734588627731065], "test_losses": [0.05950191244482994, 0.056961700320243835]}