{"train_losses": [0.09316660833894402, 0.07325374227900532], "test_losses": [0.24780066311359406, 0.16429001092910767]}