{"train_losses": [0.06009869559347307, 0.04327604827684656], "test_losses": [0.0629686489701271, 0.06051768362522125]}