{"train_losses": [0.063816701724846, 0.045129800126822724], "test_losses": [0.08692009747028351, 0.050272855907678604]}