{"train_losses": [0.052986245434268296, 0.04042058715937429], "test_losses": [0.07012233138084412, 0.05993116647005081]}