{"train_losses": [0.07119540671773912, 0.061382570094027214], "test_losses": [0.06709694862365723, 0.0757095143198967]}