{"train_losses": [0.06657576667458787, 0.0500746111230931], "test_losses": [0.058163005858659744, 0.06430742144584656]}