{"train_losses": [0.12005365271693091, 0.07106721259581655], "test_losses": [0.13792236149311066, 0.1386469155550003]}