{"train_losses": [0.12843751416923754, 0.11009249401117448], "test_losses": [0.2313276082277298, 0.15048201382160187]}