{"train_losses": [0.06603397711405215, 0.057593702452776376], "test_losses": [0.06720299273729324, 0.06657933443784714]}