{"train_losses": [0.11438499354580088, 0.06887395194962694], "test_losses": [0.18435265123844147, 0.15309229493141174]}