{"train_losses": [0.06878030356011744, 0.051217859061398294], "test_losses": [0.057975884526968, 0.057546231895685196]}