{"train_losses": [0.0657288306830127, 0.058031301304845725], "test_losses": [0.07772141695022583, 0.0931016206741333]}