{"train_losses": [0.09708837843779852, 0.07109589948162123], "test_losses": [0.20153461396694183, 0.1882898509502411]}