{"train_losses": [0.07348162906902873, 0.0655697548905116], "test_losses": [0.06577762216329575, 0.06978458166122437]}