{"train_losses": [0.1289024521435264, 0.09553856481051479], "test_losses": [0.19296640157699585, 0.2088305503129959]}