{"train_losses": [0.0687125554594698, 0.048018162899608405], "test_losses": [0.052029915153980255, 0.05758082866668701]}