{"train_losses": [0.0565964129890815, 0.040123171360028534], "test_losses": [0.053669463843107224, 0.048609744757413864]}