{"train_losses": [0.06255364108933276, 0.049773359655907685], "test_losses": [0.06597090512514114, 0.061653632670640945]}