{"train_losses": [0.06634950300898974, 0.057201590754283806], "test_losses": [0.0643642246723175, 0.05964474752545357]}