{"train_losses": [0.06976044511051811, 0.059649977336185066], "test_losses": [0.0652526468038559, 0.07678521424531937]}