{"train_losses": [0.04944395513895792, 0.04001071962703676], "test_losses": [0.058818064630031586, 0.06444744020700455]}