{"train_losses": [0.06265337867753605, 0.05127723430085476], "test_losses": [0.057830244302749634, 0.06531589478254318]}