{"train_losses": [0.058636040680050336, 0.039844479379483815], "test_losses": [0.055989380925893784, 0.05314493179321289]}