{"train_losses": [0.06116542595727108, 0.05130249167130291], "test_losses": [0.05842047184705734, 0.059289902448654175]}