{"train_losses": [0.06137306655123771, 0.04725309048980973], "test_losses": [0.08047806471586227, 0.07053063064813614]}