{"train_losses": [0.07182389342921917, 0.046752296696367886], "test_losses": [0.05567609891295433, 0.07303331047296524]}