{"train_losses": [0.08247327642452047, 0.058378032485690005], "test_losses": [0.0624404214322567, 0.052932318300008774]}