{"train_losses": [0.05547475448153745, 0.041544365094908046], "test_losses": [0.06322218477725983, 0.06681905686855316]}