{"train_losses": [0.07023625973182368, 0.04374001992328209], "test_losses": [0.05854407697916031, 0.05906948074698448]}