{"train_losses": [0.06118202248210392, 0.05071281591660821], "test_losses": [0.054476719349622726, 0.05947147682309151]}