{"train_losses": [0.12825881810476625, 0.11150124394489082], "test_losses": [0.30978187918663025, 0.12366249412298203]}