{"train_losses": [0.1279069764565974, 0.08769250191017634], "test_losses": [0.18144294619560242, 0.19160719215869904]}