{"train_losses": [0.12473199868068806, 0.08203375797608577], "test_losses": [0.16596248745918274, 0.16556836664676666]}