{"train_losses": [0.07105543792261514, 0.061716564137124265], "test_losses": [0.06414776295423508, 0.08086279034614563]}