{"train_losses": [0.08032185890179465, 0.06583817758555915], "test_losses": [0.06579632312059402, 0.07886061817407608]}