{"train_losses": [0.07430665474416094, 0.05328501930772552], "test_losses": [0.055851005017757416, 0.057553980499506]}