{"train_losses": [0.1370353295709232, 0.09755834237192876], "test_losses": [0.2816247344017029, 0.17849747836589813]}