{"train_losses": [0.07000738065979577, 0.05602419823617494], "test_losses": [0.07286746054887772, 0.05251426622271538]}