{"train_losses": [0.07495306674033947, 0.06258164469301285], "test_losses": [0.07272336632013321, 0.08636505156755447]}