{"train_losses": [0.06055966344777726, 0.04342126811983982], "test_losses": [0.05726459622383118, 0.05688629671931267]}