{"train_losses": [0.05225380989853348, 0.03949428263956195], "test_losses": [0.05582205951213837, 0.06450890749692917]}