{"train_losses": [0.09400647283678884, 0.06841189305871188], "test_losses": [0.1872345507144928, 0.16989509761333466]}