{"train_losses": [0.06699762689684491, 0.057172384950001626], "test_losses": [0.07357726991176605, 0.08850623667240143]}