{"train_losses": [0.05633798137669638, 0.04051375424146668], "test_losses": [0.05798035487532616, 0.05094900727272034]}