{"train_losses": [0.04964599253014234, 0.03967585551620377], "test_losses": [0.06392154842615128, 0.06900513172149658]}