{"train_losses": [0.1045563718415531, 0.08625539764350239], "test_losses": [0.1979999840259552, 0.19488105177879333]}