{"train_losses": [0.05956779377345579, 0.05136303677746618], "test_losses": [0.0571281835436821, 0.059505484998226166]}