{"train_losses": [0.12505790412378265, 0.09714778925782383], "test_losses": [0.2632025480270386, 0.19779415428638458]}