{"train_losses": [0.06300451354823185, 0.05330603343103785], "test_losses": [0.058064527809619904, 0.05513211339712143]}