{"train_losses": [0.07374922760131981, 0.06310573639152149], "test_losses": [0.07895516604185104, 0.07182440906763077]}