{"train_losses": [0.06801096371989833, 0.05823536495130713], "test_losses": [0.0946476012468338, 0.10451826453208923]}