{"train_losses": [0.06288052215266558, 0.053280791814924074], "test_losses": [0.06399763375520706, 0.05713814124464989]}