{"train_losses": [0.13047452960925485, 0.09094379046520115], "test_losses": [0.2163648009300232, 0.22677594423294067]}