{"train_losses": [0.053476039248158684, 0.042277679145959854], "test_losses": [0.058355387300252914, 0.07107778638601303]}