{"train_losses": [0.06227035574614103, 0.04837185455678], "test_losses": [0.07027306407690048, 0.06796594709157944]}