{"train_losses": [0.06810209945836378, 0.0569069461752173], "test_losses": [0.07999008893966675, 0.11662976443767548]}