{"train_losses": [0.05697674685333101, 0.049300859366947294], "test_losses": [0.05606628581881523, 0.05752590671181679]}