{"train_losses": [0.06875823098183628, 0.04826518293074302], "test_losses": [0.05777347460389137, 0.07403027266263962]}