{"train_losses": [0.0632553713903797, 0.04783595413087624], "test_losses": [0.1049666628241539, 0.085444375872612]}