{"train_losses": [0.12263031614904062, 0.08688797033131662], "test_losses": [0.16888442635536194, 0.1844002902507782]}