{"train_losses": [0.07122893635351649, 0.05446705082468148], "test_losses": [0.05924755707383156, 0.1034492552280426]}