{"train_losses": [0.13987947885223728, 0.09646531532561477], "test_losses": [0.2557187080383301, 0.1408933699131012]}