{"train_losses": [0.07271873289797295, 0.06260169304641258], "test_losses": [0.07135017216205597, 0.06869211792945862]}