{"train_losses": [0.0639427557983016, 0.05656885510969902], "test_losses": [0.07888655364513397, 0.08471081405878067]}