{"train_losses": [0.1091727295181668, 0.06561354971422124], "test_losses": [0.17266280949115753, 0.13848558068275452]}