{"train_losses": [0.0572156342502515, 0.05091995239916996], "test_losses": [0.057315096259117126, 0.05686081945896149]}