{"train_losses": [0.07629019478458778, 0.06359844855612155], "test_losses": [0.07234852761030197, 0.08232924342155457]}