{"train_losses": [0.065746044062017, 0.05365802481923267], "test_losses": [0.06655645370483398, 0.06730824708938599]}