{"train_losses": [0.06383059218713265, 0.043978675167301196], "test_losses": [0.0545421727001667, 0.047904785722494125]}