{"train_losses": [0.072702666303898, 0.058443825044914584], "test_losses": [0.06144443526864052, 0.054872363805770874]}