{
    "nodes": {
        "DAGOpNode": [],
        "DAGInNode": [
            [
                0,
                0
            ],
            [
                0,
                0
            ],
            [
                0,
                0
            ],
            [
                0,
                0
            ],
            [
                0,
                0
            ],
            [
                0,
                0
            ],
            [
                0,
                0
            ]
        ],
        "DAGOutNode": [
            [
                0,
                0
            ],
            [
                0,
                0
            ],
            [
                0,
                0
            ],
            [
                0,
                0
            ],
            [
                0,
                0
            ],
            [
                0,
                0
            ],
            [
                0,
                0
            ]
        ]
    },
    "edges": {
        "DAGInNode_wire_DAGOutNode": {
            "edge_index": [
                [
                    0,
                    1,
                    2,
                    3,
                    4
                ],
                [
                    0,
                    1,
                    2,
                    3,
                    4
                ]
            ],
            "edge_attr": [
                [
                    5.9698643286635694e-05,
                    9.355584184359312e-05,
                    0.026100000000000012
                ],
                [
                    8.305997230317399e-05,
                    0.00011553074510239035,
                    0.020000000000000018
                ],
                [
                    0.00010377694598809795,
                    9.477169960638749e-05,
                    0.016599999999999948
                ],
                [
                    4.358447375590962e-05,
                    4.645933441447346e-05,
                    0.0515000000000001
                ],
                [
                    1.7543975812787366e-05,
                    1.6441110002077736e-05,
                    0.057499999999999996
                ]
            ]
        }
    }
}